Employee_ID,Job_Title,Gender,Age,Education_Level,Years_of_Experience,Years_of_Tenure,Salary,Company
Software Engineer_1,Software Engineer,Male,29,Bachelor's,4.0,1,"$5,250.00",Accenture
Software Engineer_2,Software Engineer,Male,26,Bachelor's,2.5,2,"$5,250.00",Accenture
Software Engineer_3,Software Engineer,Male,29,Bachelor's,4.0,2,"$5,250.00",Accenture
Software Engineer_4,Software Engineer,Male,25,Bachelor's,1.5,0,"$5,250.00",Accenture
Software Engineer_5,Software Engineer,Male,29,Bachelor's,4.0,2,"$5,250.00",Accenture
Software Engineer_6,Software Engineer,Male,24,Diploma,0.5,0,"$3,982.12",Accenture
Software Engineer_7,Software Engineer,Male,27,Diploma,2.5,2,"$5,091.16",Accenture
Software Engineer_8,Software Engineer,Male,29,Bachelor's,4.0,0,"$5,250.00",Accenture
Software Engineer_9,Software Engineer,Male,24,Bachelor's,0.5,0,"$5,250.00",Accenture
Software Engineer_10,Software Engineer,Male,27,Bachelor's,4.0,2,"$5,250.00",Accenture
Software Engineer_11,Software Engineer,Male,26,Bachelor's,3.5,2,"$5,250.00",Accenture
Software Engineer_12,Software Engineer,Male,29,Bachelor's,4.0,2,"$5,250.00",Accenture
Software Engineer_13,Software Engineer,Female,25,Bachelor's,4.0,2,"$5,250.00",Accenture
Software Engineer_14,Software Engineer,Male,27,Bachelor's,2.5,2,"$5,250.00",Accenture
Software Engineer_15,Software Engineer,Male,24,Diploma,1.5,0,"$4,846.18",Accenture
Software Engineer_16,Software Engineer,Female,28,Bachelor's,4.0,2,"$5,250.00",Accenture
Software Engineer_17,Software Engineer,Male,23,Bachelor's,0.5,0,"$5,250.00",Accenture
Software Engineer_18,Software Engineer,Male,29,Bachelor's,4.0,2,"$5,250.00",Accenture
Software Engineer_19,Software Engineer,Female,25,Master's,2.0,2,"$5,250.00",Accenture
Software Engineer_20,Software Engineer,Male,29,Bachelor's,4.0,2,"$5,250.00",Accenture
Software Engineer_21,Software Engineer,Female,27,Bachelor's,4.0,1,"$5,250.00",Accenture
Software Engineer_22,Software Engineer,Male,23,Master's,0.5,0,"$5,250.00",Accenture
Software Engineer_23,Software Engineer,Female,21,Bachelor's,0.0,0,"$4,113.67",Accenture
Software Engineer_24,Software Engineer,Female,23,Bachelor's,0.0,0,"$5,249.49",Accenture
Software Engineer_25,Software Engineer,Male,26,Diploma,3.5,0,"$5,250.00",Accenture
Software Engineer_26,Software Engineer,Female,22,Bachelor's,0.0,0,"$4,645.03",Accenture
Software Engineer_27,Software Engineer,Male,23,Diploma,0.5,0,"$4,631.83",Accenture
Software Engineer_28,Software Engineer,Female,27,Bachelor's,4.0,2,"$5,250.00",Accenture
Software Engineer_29,Software Engineer,Male,24,Bachelor's,0.5,0,"$5,250.00",Accenture
Software Engineer_30,Software Engineer,Female,28,Bachelor's,4.0,2,"$5,250.00",Accenture
Software Engineer_31,Software Engineer,Male,27,Master's,4.0,2,"$5,250.00",Accenture
Software Engineer_32,Software Engineer,Female,27,Bachelor's,4.0,2,"$5,250.00",Accenture
Software Engineer_33,Software Engineer,Male,28,Bachelor's,4.0,2,"$5,250.00",Accenture
Software Engineer_34,Software Engineer,Female,26,Bachelor's,3.0,1,"$5,250.00",Accenture
Software Engineer_35,Software Engineer,Male,29,Bachelor's,4.0,2,"$5,250.00",Accenture
Software Engineer_36,Software Engineer,Female,24,Bachelor's,1.0,0,"$4,838.98",Accenture
Software Engineer_37,Software Engineer,Male,25,Bachelor's,2.5,2,"$5,250.00",Accenture
Software Engineer_38,Software Engineer,Male,27,Bachelor's,2.5,2,"$5,250.00",Accenture
Software Engineer_39,Software Engineer,Male,28,Bachelor's,3.5,2,"$5,250.00",Accenture
Software Engineer_40,Software Engineer,Male,29,Bachelor's,4.0,1,"$5,250.00",Accenture
Software Engineer_41,Software Engineer,Male,29,Bachelor's,4.0,1,"$5,250.00",Accenture
Software Engineer_42,Software Engineer,Female,23,Bachelor's,1.0,0,"$5,106.61",Accenture
Software Engineer_43,Software Engineer,Female,25,Bachelor's,3.0,2,"$5,250.00",Accenture
Software Engineer_44,Software Engineer,Male,28,Master's,4.0,2,"$5,250.00",Accenture
Software Engineer_45,Software Engineer,Male,25,Bachelor's,0.5,0,"$5,250.00",Accenture
Software Engineer_46,Software Engineer,Female,22,Bachelor's,1.0,1,"$5,001.81",Accenture
Software Engineer_47,Software Engineer,Female,21,Bachelor's,0.0,0,"$4,638.88",Accenture
Software Engineer_48,Software Engineer,Male,27,Master's,2.5,1,"$5,250.00",Accenture
Software Engineer_49,Software Engineer,Female,23,Bachelor's,2.0,0,"$5,250.00",Accenture
Software Engineer_50,Software Engineer,Female,21,Master's,0.0,0,"$5,250.00",Accenture
Software Engineer_51,Software Engineer,Male,24,Bachelor's,0.5,0,"$5,250.00",Accenture
Software Engineer_52,Software Engineer,Male,27,Master's,3.5,2,"$5,250.00",Accenture
Software Engineer_53,Software Engineer,Female,29,Bachelor's,4.0,1,"$5,250.00",Accenture
Software Engineer_54,Software Engineer,Female,25,Master's,2.0,2,"$5,250.00",Accenture
Software Engineer_55,Software Engineer,Female,21,Bachelor's,0.0,0,"$4,995.43",Accenture
Software Engineer_56,Software Engineer,Male,25,Diploma,1.5,1,"$4,632.92",Accenture
Software Engineer_57,Software Engineer,Male,26,Bachelor's,3.5,1,"$5,250.00",Accenture
Software Engineer_58,Software Engineer,Male,27,Master's,3.5,1,"$5,250.00",Accenture
Software Engineer_59,Software Engineer,Female,22,Bachelor's,0.0,0,"$4,082.45",Accenture
Software Engineer_60,Software Engineer,Female,22,Bachelor's,0.0,0,"$4,739.09",Accenture
Software Engineer_61,Software Engineer,Female,29,Bachelor's,4.0,0,"$5,250.00",Accenture
Software Engineer_62,Software Engineer,Female,29,Bachelor's,4.0,2,"$5,250.00",Accenture
Software Engineer_63,Software Engineer,Female,24,Bachelor's,2.0,1,"$5,250.00",Accenture
Software Engineer_64,Software Engineer,Female,23,Bachelor's,0.0,0,"$4,757.57",Accenture
Software Engineer_65,Software Engineer,Male,24,Bachelor's,0.5,0,"$5,250.00",Accenture
Software Engineer_66,Software Engineer,Female,27,Bachelor's,4.0,2,"$5,250.00",Accenture
Software Engineer_67,Software Engineer,Female,25,Bachelor's,4.0,1,"$5,250.00",Accenture
Software Engineer_68,Software Engineer,Female,24,Diploma,2.0,1,"$3,647.97",Accenture
Software Engineer_69,Software Engineer,Female,22,Master's,1.0,1,"$5,250.00",Accenture
Software Engineer_70,Software Engineer,Male,24,Bachelor's,1.5,0,"$5,250.00",Accenture
Software Engineer_71,Software Engineer,Male,27,Bachelor's,2.5,2,"$5,250.00",Accenture
Software Engineer_72,Software Engineer,Male,25,Bachelor's,0.5,0,"$5,250.00",Accenture
Software Engineer_73,Software Engineer,Female,25,Bachelor's,4.0,1,"$5,250.00",Accenture
Software Engineer_74,Software Engineer,Female,21,Bachelor's,0.0,0,"$4,478.43",Accenture
Software Engineer_75,Software Engineer,Female,24,Diploma,2.0,1,"$4,991.83",Accenture
Software Engineer_76,Software Engineer,Male,23,Master's,0.5,0,"$5,250.00",Accenture
Software Engineer_77,Software Engineer,Female,24,Bachelor's,3.0,0,"$5,250.00",Accenture
Software Engineer_78,Software Engineer,Female,26,Bachelor's,3.0,1,"$5,250.00",Accenture
Software Engineer_79,Software Engineer,Female,24,Bachelor's,1.0,1,"$5,057.04",Accenture
Software Engineer_80,Software Engineer,Male,28,Bachelor's,4.0,1,"$5,250.00",Accenture
Software Engineer_81,Software Engineer,Female,26,Bachelor's,4.0,1,"$5,250.00",Accenture
Software Engineer_82,Software Engineer,Female,26,Bachelor's,4.0,2,"$5,250.00",Accenture
Software Engineer_83,Software Engineer,Female,28,Bachelor's,4.0,0,"$5,250.00",Accenture
Software Engineer_84,Software Engineer,Female,27,Bachelor's,4.0,1,"$5,250.00",Accenture
Software Engineer_85,Software Engineer,Male,29,Bachelor's,4.0,2,"$5,250.00",Accenture
Software Engineer_86,Software Engineer,Female,27,Bachelor's,4.0,1,"$5,250.00",Accenture
Software Engineer_87,Software Engineer,Male,24,Bachelor's,0.5,0,"$5,250.00",Accenture
Software Engineer_88,Software Engineer,Male,29,Bachelor's,4.0,1,"$5,250.00",Accenture
Software Engineer_89,Software Engineer,Male,23,Diploma,0.5,0,"$4,138.98",Accenture
Software Engineer_90,Software Engineer,Male,27,Diploma,3.5,0,"$5,250.00",Accenture
Software Engineer_91,Software Engineer,Male,24,Bachelor's,0.5,0,"$5,250.00",Accenture
Software Engineer_92,Software Engineer,Female,28,Diploma,4.0,0,"$4,018.91",Accenture
Software Engineer_93,Software Engineer,Male,23,Bachelor's,0.5,0,"$5,250.00",Accenture
Software Engineer_94,Software Engineer,Female,28,Bachelor's,4.0,2,"$5,250.00",Accenture
Software Engineer_95,Software Engineer,Male,29,Bachelor's,4.0,1,"$5,250.00",Accenture
Software Engineer_96,Software Engineer,Female,27,Bachelor's,4.0,2,"$5,250.00",Accenture
Software Engineer_97,Software Engineer,Male,29,Bachelor's,4.0,2,"$5,250.00",Accenture
Software Engineer_98,Software Engineer,Male,29,Bachelor's,4.0,0,"$5,250.00",Accenture
Software Engineer_99,Software Engineer,Female,24,Diploma,3.0,2,"$4,351.28",Accenture
Software Engineer_100,Software Engineer,Female,24,Bachelor's,1.0,0,"$5,250.00",Accenture
Data Scientist_101,Data Scientist,Male,26,Bachelor's,1.5,0,"$8,241.59",Accenture
Data Scientist_102,Data Scientist,Female,28,Bachelor's,4.0,2,"$8,662.50",Accenture
Data Scientist_103,Data Scientist,Female,27,Bachelor's,4.0,2,"$8,662.50",Accenture
Data Scientist_104,Data Scientist,Female,27,Master's,4.0,1,"$8,662.50",Accenture
Data Scientist_105,Data Scientist,Female,29,Bachelor's,4.0,2,"$8,662.50",Accenture
Data Scientist_106,Data Scientist,Female,22,Bachelor's,0.0,0,"$6,494.85",Accenture
Data Scientist_107,Data Scientist,Male,28,Master's,4.0,1,"$8,662.50",Accenture
Data Scientist_108,Data Scientist,Male,26,Bachelor's,3.5,1,"$8,662.50",Accenture
Data Scientist_109,Data Scientist,Female,25,Bachelor's,4.0,2,"$8,662.50",Accenture
Data Scientist_110,Data Scientist,Female,22,Bachelor's,0.0,0,"$7,377.71",Accenture
Data Scientist_111,Data Scientist,Male,29,Bachelor's,4.0,0,"$8,662.50",Accenture
Data Scientist_112,Data Scientist,Male,28,Master's,4.0,0,"$8,662.50",Accenture
Data Scientist_113,Data Scientist,Female,21,Master's,0.0,0,"$8,662.50",Accenture
Data Scientist_114,Data Scientist,Male,29,Diploma,4.0,2,"$7,892.68",Accenture
Data Scientist_115,Data Scientist,Male,25,Diploma,1.5,1,"$6,808.73",Accenture
Data Scientist_116,Data Scientist,Male,26,Bachelor's,2.5,2,"$8,662.50",Accenture
Data Scientist_117,Data Scientist,Female,27,Bachelor's,4.0,2,"$8,662.50",Accenture
Data Scientist_118,Data Scientist,Female,27,Bachelor's,4.0,2,"$8,662.50",Accenture
Data Scientist_119,Data Scientist,Male,24,Bachelor's,0.5,0,"$8,203.89",Accenture
Data Scientist_120,Data Scientist,Female,21,Bachelor's,0.0,0,"$6,244.23",Accenture
Data Scientist_121,Data Scientist,Male,24,Bachelor's,0.5,0,"$8,082.17",Accenture
Data Scientist_122,Data Scientist,Female,28,Master's,4.0,1,"$8,662.50",Accenture
Data Scientist_123,Data Scientist,Female,29,Diploma,4.0,2,"$6,144.23",Accenture
Data Scientist_124,Data Scientist,Female,27,Bachelor's,4.0,0,"$8,662.50",Accenture
Data Scientist_125,Data Scientist,Female,21,Bachelor's,0.0,0,"$5,975.78",Accenture
Data Scientist_126,Data Scientist,Female,28,Bachelor's,4.0,2,"$8,662.50",Accenture
Data Scientist_127,Data Scientist,Male,29,Bachelor's,4.0,0,"$8,662.50",Accenture
Data Scientist_128,Data Scientist,Female,29,Diploma,4.0,1,"$6,560.71",Accenture
Data Scientist_129,Data Scientist,Male,29,Bachelor's,4.0,1,"$8,662.50",Accenture
Data Scientist_130,Data Scientist,Male,29,Master's,4.0,2,"$8,662.50",Accenture
Data Scientist_131,Data Scientist,Female,21,Diploma,0.0,0,"$4,512.50",Accenture
Data Scientist_132,Data Scientist,Male,29,Master's,4.0,0,"$8,662.50",Accenture
Data Scientist_133,Data Scientist,Female,28,Bachelor's,4.0,2,"$8,662.50",Accenture
Data Scientist_134,Data Scientist,Male,29,Bachelor's,4.0,2,"$8,662.50",Accenture
Data Scientist_135,Data Scientist,Male,25,Bachelor's,1.5,0,"$8,662.50",Accenture
Data Scientist_136,Data Scientist,Female,23,Bachelor's,1.0,1,"$7,620.27",Accenture
Data Scientist_137,Data Scientist,Male,29,Diploma,4.0,1,"$7,658.30",Accenture
Data Scientist_138,Data Scientist,Male,24,Bachelor's,0.5,0,"$8,049.08",Accenture
Data Scientist_139,Data Scientist,Male,24,Bachelor's,1.5,1,"$8,662.50",Accenture
Data Scientist_140,Data Scientist,Female,27,Bachelor's,4.0,0,"$8,662.50",Accenture
Data Scientist_141,Data Scientist,Male,29,Master's,4.0,1,"$8,662.50",Accenture
Data Scientist_142,Data Scientist,Male,27,Bachelor's,3.5,0,"$8,662.50",Accenture
Data Scientist_143,Data Scientist,Female,29,Bachelor's,4.0,2,"$8,392.98",Accenture
Data Scientist_144,Data Scientist,Female,23,Bachelor's,0.0,0,"$5,833.68",Accenture
Data Scientist_145,Data Scientist,Female,27,Master's,4.0,0,"$8,662.50",Accenture
Data Scientist_146,Data Scientist,Female,23,Bachelor's,2.0,2,"$7,052.14",Accenture
Data Scientist_147,Data Scientist,Male,28,Bachelor's,4.0,2,"$8,662.50",Accenture
Data Scientist_148,Data Scientist,Female,28,Bachelor's,4.0,2,"$8,662.50",Accenture
Data Scientist_149,Data Scientist,Female,26,Bachelor's,3.0,2,"$8,662.50",Accenture
Data Scientist_150,Data Scientist,Female,27,Bachelor's,4.0,2,"$8,377.07",Accenture
Product Manager_151,Product Manager,Male,24,Bachelor's,0.5,0,"$7,300.27",Accenture
Product Manager_152,Product Manager,Male,28,Diploma,4.0,1,"$8,139.23",Accenture
Product Manager_153,Product Manager,Female,23,Bachelor's,0.0,0,"$7,070.02",Accenture
Product Manager_154,Product Manager,Female,28,Bachelor's,4.0,2,"$9,084.97",Accenture
Product Manager_155,Product Manager,Male,29,Bachelor's,4.0,1,"$9,187.50",Accenture
Product Manager_156,Product Manager,Female,25,Master's,4.0,0,"$9,187.50",Accenture
Product Manager_157,Product Manager,Female,25,Bachelor's,4.0,2,"$8,326.87",Accenture
Product Manager_158,Product Manager,Female,26,Bachelor's,3.0,1,"$8,455.62",Accenture
Product Manager_159,Product Manager,Female,26,Bachelor's,4.0,2,"$8,672.15",Accenture
Product Manager_160,Product Manager,Female,21,Bachelor's,0.0,0,"$7,220.28",Accenture
Product Manager_161,Product Manager,Female,26,Bachelor's,3.0,2,"$8,242.48",Accenture
Product Manager_162,Product Manager,Male,27,Bachelor's,4.0,2,"$9,187.50",Accenture
Product Manager_163,Product Manager,Male,25,Bachelor's,2.5,0,"$9,187.50",Accenture
Product Manager_164,Product Manager,Male,23,Bachelor's,0.5,0,"$7,486.51",Accenture
Product Manager_165,Product Manager,Male,23,Bachelor's,0.5,0,"$8,614.04",Accenture
Product Manager_166,Product Manager,Male,26,Diploma,1.5,0,"$6,733.17",Accenture
Product Manager_167,Product Manager,Male,24,Bachelor's,1.5,0,"$8,893.80",Accenture
Product Manager_168,Product Manager,Male,29,Bachelor's,4.0,0,"$9,187.50",Accenture
Product Manager_169,Product Manager,Male,28,Diploma,3.5,0,"$8,614.43",Accenture
Product Manager_170,Product Manager,Female,24,Bachelor's,2.0,2,"$7,967.38",Accenture
Product Manager_171,Product Manager,Female,29,Master's,4.0,2,"$9,187.50",Accenture
Product Manager_172,Product Manager,Female,25,Bachelor's,3.0,2,"$8,041.10",Accenture
Product Manager_173,Product Manager,Male,29,Bachelor's,4.0,1,"$9,187.50",Accenture
Product Manager_174,Product Manager,Male,29,Bachelor's,4.0,1,"$9,187.50",Accenture
Product Manager_175,Product Manager,Male,24,Bachelor's,1.5,0,"$8,771.81",Accenture
Product Manager_176,Product Manager,Female,25,Bachelor's,2.0,2,"$8,149.22",Accenture
Product Manager_177,Product Manager,Female,21,Bachelor's,0.0,0,"$6,878.63",Accenture
Product Manager_178,Product Manager,Female,27,Diploma,4.0,0,"$7,648.62",Accenture
Product Manager_179,Product Manager,Female,28,Bachelor's,4.0,2,"$8,231.91",Accenture
Product Manager_180,Product Manager,Female,27,Diploma,4.0,2,"$6,654.11",Accenture
